{
    "rmse": 0.804371931506575,
    "mae": 0.6567751219079765,
    "r2": 0.009933583741070673
}